{"cameraMode":{"drawMode":0,"name":"Shaded","section":"Shading Mode"},"sceneLighting":true,"audioPlay":false,"sceneViewState":{"showFog":true,"showMaterialUpdate":false,"showSkybox":true,"showFlares":true,"showImageEffects":true,"showParticleSystems":true,"showVisualEffectGraphs":true,"m_FxEnabled":true},"in2DMode":false,"pivot":{"x":0.21737654507160188,"y":-1.0184783935546876,"z":12.249258995056153},"rotation":{"x":-0.0943642184138298,"y":0.0796520784497261,"z":-0.007574370596557856,"w":-0.9923185110092163},"size":14.34175968170166,"orthographic":false}